group1,group2,weight
blackluive,black matters us,0.5
blackluive,justice for ezell ford and donnell thompson,0.25
blackluive,hell_and_back,0.5
blackluive,don't shoot,0.25
blackluive,black edification,0.25
blackluive,black baptist church,0.25
blackluive,nefertiti's community,0.25
blackluive,black4black,0.25
blackluive,fit black,0.25
blackluive,cop block us,0.25
blackluive,black matters,0.25
blackluive,brown power,0.25
blackluive,blacks go viral,0.25
blackluive,blackstagram,0.25
blackluive,baltimore.blackvoice,0.5
blackluive,black excellence,0.25
blackluive,watch the police,0.25
blackluive,bm,0.25
blackluive,pan-african roots move,0.25
blackluive,williams&kalvin,0.25
blackluive,born black,0.25
blackluive,black guns matter,0.25
blackluive,instagnan,0.25
blackluive,blacktivist,0.25
blackluive,afrokingdom,0.25
blackluive,woke blacks,0.25
stop refugees,rebeltexas,0.5416666666666666
stop refugees,black edification,0.0
stop refugees,stand for freedom,0.5833333333333334
stop refugees,defend the 2nd,0.5208333333333334
stop refugees,trumpsters united,0.5416666666666666
stop refugees,liberty_rising,0.0
stop refugees,american.made,0.9166666666666667
stop refugees,donald trump america,0.25
stop refugees,cop block us,0.0
stop refugees,stop a.l.,0.65625
stop refugees,angry eagle,0.5833333333333334
stop refugees,the red pill,0.5
stop refugees,bm,0.08736559139784945
stop refugees,heart of texas,0.5661764705882353
stop refugees,south united,0.8511904761904762
stop refugees,gov spending,0.41666666666666663
stop refugees,mericanfury,0.625
stop refugees,army of jesus,0.8814102564102564
stop refugees,muslim voice,0.14166666666666666
stop refugees,instagnan,0.6666666666666666
stop refugees,american.veterans,0.7818627450980392
stop refugees,secured borders,0.29166666666666663
stop refugees,veterans come first,0.8020833333333333
stop refugees,southern.rebel.pride,0.5
stop refugees,being patriotic,0.6176470588235294
stop refugees,black baptist church,0.0
black matters us,justice for ezell ford and donnell thompson,0.25
black matters us,hell_and_back,0.5
black matters us,don't shoot,0.25
black matters us,black edification,0.25
black matters us,black baptist church,0.25
black matters us,nefertiti's community,0.25
black matters us,black4black,0.25
black matters us,fit black,0.25
black matters us,cop block us,0.25
black matters us,black matters,0.25
black matters us,brown power,0.25
black matters us,blacks go viral,0.25
black matters us,blackstagram,0.25
black matters us,baltimore.blackvoice,0.5
black matters us,black excellence,0.25
black matters us,watch the police,0.25
black matters us,bm,0.25
black matters us,pan-african roots move,0.25
black matters us,williams&kalvin,0.25
black matters us,born black,0.25
black matters us,black guns matter,0.25
black matters us,instagnan,0.25
black matters us,blacktivist,0.25
black matters us,afrokingdom,0.25
black matters us,woke blacks,0.25
make america great again donald j trump,stop refugees,0.25
make america great again donald j trump,rebeltexas,0.25
make america great again donald j trump,black edification,0.25
make america great again donald j trump,stand for freedom,0.25
make america great again donald j trump,defend the 2nd,0.25
make america great again donald j trump,trumpsters united,0.25
make america great again donald j trump,american.made,0.25
make america great again donald j trump,donald trump america,0.5
make america great again donald j trump,cop block us,0.25
make america great again donald j trump,stop a.l.,0.25
make america great again donald j trump,angry eagle,0.25
make america great again donald j trump,the red pill,0.25
make america great again donald j trump,bm,0.25
make america great again donald j trump,heart of texas,0.25
make america great again donald j trump,south united,0.25
make america great again donald j trump,gov spending,0.25
make america great again donald j trump,mericanfury,0.25
make america great again donald j trump,army of jesus,0.25
make america great again donald j trump,muslim voice,0.25
make america great again donald j trump,instagnan,0.25
make america great again donald j trump,american.veterans,0.25
make america great again donald j trump,secured borders,0.25
make america great again donald j trump,veterans come first,0.25
make america great again donald j trump,southern.rebel.pride,0.25
make america great again donald j trump,being patriotic,0.25
make america great again donald j trump,black baptist church,0.25
justice for ezell ford and donnell thompson,black baptist church,0.0
justice for ezell ford and donnell thompson,fit black,0.0
justice for ezell ford and donnell thompson,cop block us,0.19642857142857142
justice for ezell ford and donnell thompson,black matters,0.0
justice for ezell ford and donnell thompson,sincerely_black,0.25
justice for ezell ford and donnell thompson,brown power,0.5606060606060606
justice for ezell ford and donnell thompson,blacks go viral,0.0
justice for ezell ford and donnell thompson,pray4police,0.0
justice for ezell ford and donnell thompson,baltimore.blackvoice,0.25
justice for ezell ford and donnell thompson,black excellence,0.0
justice for ezell ford and donnell thompson,blackstagram,0.19642857142857142
justice for ezell ford and donnell thompson,watch the police,0.0
justice for ezell ford and donnell thompson,musliminst,0.25
justice for ezell ford and donnell thompson,bm,0.2540322580645161
justice for ezell ford and donnell thompson,pan-african roots move,0.0
justice for ezell ford and donnell thompson,williams&kalvin,0.2556818181818182
justice for ezell ford and donnell thompson,born black,0.20833333333333331
justice for ezell ford and donnell thompson,american.veterans,0.0
justice for ezell ford and donnell thompson,black guns matter,0.0
justice for ezell ford and donnell thompson,united muslims of america,0.0
justice for ezell ford and donnell thompson,instagnan,0.0
justice for ezell ford and donnell thompson,blacktivist,0.2540322580645161
justice for ezell ford and donnell thompson,afrokingdom,0.0
justice for ezell ford and donnell thompson,born liberal,0.1467391304347826
justice for ezell ford and donnell thompson,woke blacks,0.2626582278481013
justice for ezell ford and donnell thompson,bernie sanders for president,0.25
hell_and_back,justice for ezell ford and donnell thompson,0.25
hell_and_back,don't shoot,0.25
hell_and_back,black edification,0.25
hell_and_back,black baptist church,0.25
hell_and_back,nefertiti's community,0.25
hell_and_back,black4black,0.25
hell_and_back,fit black,0.25
hell_and_back,cop block us,0.25
hell_and_back,black matters,0.25
hell_and_back,brown power,0.25
hell_and_back,blacks go viral,0.25
hell_and_back,blackstagram,0.25
hell_and_back,baltimore.blackvoice,0.5
hell_and_back,black excellence,0.25
hell_and_back,watch the police,0.25
hell_and_back,bm,0.25
hell_and_back,pan-african roots move,0.25
hell_and_back,williams&kalvin,0.25
hell_and_back,born black,0.25
hell_and_back,black guns matter,0.25
hell_and_back,instagnan,0.25
hell_and_back,blacktivist,0.25
hell_and_back,afrokingdom,0.25
hell_and_back,woke blacks,0.25
don't shoot,justice for ezell ford and donnell thompson,0.2696078431372549
don't shoot,black edification,0.48739495798319327
don't shoot,defend the 2nd,0.07230392156862744
don't shoot,black baptist church,0.6470588235294118
don't shoot,nefertiti's community,0.6372549019607843
don't shoot,black4black,0.9411764705882353
don't shoot,fit black,0.7352941176470589
don't shoot,cop block us,0.48739495798319327
don't shoot,black matters,0.8137254901960784
don't shoot,brown power,0.5490196078431373
don't shoot,blacks go viral,0.5098039215686274
don't shoot,blackstagram,0.5686274509803921
don't shoot,baltimore.blackvoice,0.25
don't shoot,black excellence,0.7254901960784313
don't shoot,watch the police,0.5588235294117647
don't shoot,musliminst,0.25
don't shoot,born liberal,0.03154305200341006
don't shoot,bm,0.6028225806451613
don't shoot,heart of texas,0.0
don't shoot,pan-african roots move,0.857685009487666
don't shoot,williams&kalvin,0.6448863636363636
don't shoot,gov spending,0.0
don't shoot,pray4police,0.25980392156862747
don't shoot,born black,0.5588235294117647
don't shoot,american.veterans,0.0
don't shoot,black guns matter,0.7254901960784313
don't shoot,united muslims of america,0.0
don't shoot,instagnan,0.0
don't shoot,patriot's heart,0.25
don't shoot,blacktivist,0.5910025300442757
don't shoot,l for life,0.25
don't shoot,afrokingdom,0.5294117647058824
don't shoot,southern.rebel.pride,0.09313725490196079
don't shoot,woke blacks,0.8066517746339041
don't shoot,bernie sanders for president,0.25
black edification,rebeltexas,0.0
black edification,justice for ezell ford and donnell thompson,0.0
black edification,stand for freedom,0.0
black edification,defend the 2nd,0.0
black edification,black baptist church,0.7333333333333334
black edification,nefertiti's community,0.6428571428571428
black edification,black4black,0.4952380952380952
black edification,american.made,0.0
black edification,donald trump america,0.25
black edification,fit black,0.5535714285714286
black edification,cop block us,0.7142857142857143
black edification,black matters,0.5223214285714286
black edification,brown power,0.5194805194805194
black edification,blacks go viral,0.5714285714285714
black edification,blackstagram,0.8571428571428571
black edification,baltimore.blackvoice,0.25
black edification,muslim voice,0.0
black edification,black excellence,0.5590062111801242
black edification,stop a.l.,0.0
black edification,angry eagle,0.0
black edification,watch the police,0.9285714285714286
black edification,the red pill,0.0
black edification,bm,0.5141129032258065
black edification,heart of texas,0.0
black edification,south united,0.0
black edification,pan-african roots move,0.4769585253456221
black edification,williams&kalvin,0.4456168831168831
black edification,gov spending,0.0
black edification,mericanfury,0.0
black edification,army of jesus,0.0
black edification,born black,0.7738095238095238
black edification,american.veterans,0.0
black edification,black guns matter,0.5590062111801242
black edification,instagnan,0.19642857142857142
black edification,blacktivist,0.4406682027649769
black edification,secured borders,0.0
black edification,afrokingdom,0.7142857142857143
black edification,veterans come first,0.0
black edification,southern.rebel.pride,0.0
black edification,being patriotic,0.0
black edification,woke blacks,0.4665461121157323
black edification,trumpsters united,0.0
stand for freedom,rebeltexas,0.75
stand for freedom,defend the 2nd,0.625
stand for freedom,trumpsters united,0.75
stand for freedom,american.made,0.6
stand for freedom,donald trump america,0.25
stand for freedom,cop block us,0.0
stand for freedom,stop a.l.,0.5625
stand for freedom,angry eagle,1.0
stand for freedom,the red pill,0.75
stand for freedom,bm,0.0
stand for freedom,heart of texas,0.5196078431372549
stand for freedom,south united,0.5714285714285714
stand for freedom,gov spending,0.0
stand for freedom,mericanfury,0.8333333333333333
stand for freedom,army of jesus,0.5769230769230769
stand for freedom,muslim voice,0.35
stand for freedom,instagnan,0.75
stand for freedom,american.veterans,0.5588235294117647
stand for freedom,secured borders,0.5625
stand for freedom,veterans come first,0.5625
stand for freedom,southern.rebel.pride,0.6666666666666666
stand for freedom,being patriotic,0.5196078431372549
stand for freedom,black baptist church,0.0
defend the 2nd,rebeltexas,0.5625
defend the 2nd,justice for ezell ford and donnell thompson,0.1875
defend the 2nd,black baptist church,0.0
defend the 2nd,born liberal,0.16847826086956522
defend the 2nd,american.made,0.5625
defend the 2nd,donald trump america,0.25
defend the 2nd,cop block us,0.13392857142857142
defend the 2nd,brown power,0.1553030303030303
defend the 2nd,pray4police,0.0
defend the 2nd,stop a.l.,0.46875
defend the 2nd,angry eagle,0.625
defend the 2nd,musliminst,0.25
defend the 2nd,the red pill,0.5625
defend the 2nd,blacktivist,0.12903225806451613
defend the 2nd,bm,0.1935483870967742
defend the 2nd,heart of texas,0.36151960784313725
defend the 2nd,south united,0.4910714285714286
defend the 2nd,williams&kalvin,0.13068181818181818
defend the 2nd,gov spending,0.0
defend the 2nd,mericanfury,0.6875
defend the 2nd,army of jesus,0.5048076923076923
defend the 2nd,born black,0.0
defend the 2nd,muslim voice,0.1625
defend the 2nd,black guns matter,0.6739130434782609
defend the 2nd,united muslims of america,0.0
defend the 2nd,instagnan,0.75
defend the 2nd,american.veterans,0.5514705882352942
defend the 2nd,secured borders,0.375
defend the 2nd,blackstagram,0.0
defend the 2nd,veterans come first,0.46875
defend the 2nd,southern.rebel.pride,0.875
defend the 2nd,being patriotic,0.36151960784313725
defend the 2nd,woke blacks,0.06882911392405064
defend the 2nd,bernie sanders for president,0.25
defend the 2nd,trumpsters united,0.5625
trumpsters united,angry eagle,0.75
trumpsters united,rebeltexas,1.0
trumpsters united,instagnan,0.625
trumpsters united,southern.rebel.pride,0.5833333333333334
trumpsters united,the red pill,0.625
trumpsters united,black baptist church,0.0
trumpsters united,bm,0.0
trumpsters united,american.made,0.55
trumpsters united,secured borders,0.53125
trumpsters united,donald trump america,0.25
trumpsters united,cop block us,0.0
trumpsters united,south united,0.5357142857142857
trumpsters united,gov spending,0.0
trumpsters united,veterans come first,0.53125
trumpsters united,mericanfury,0.6666666666666666
trumpsters united,being patriotic,0.5098039215686274
trumpsters united,army of jesus,0.5384615384615384
trumpsters united,muslim voice,0.6
trumpsters united,heart of texas,0.5098039215686274
trumpsters united,stop a.l.,0.53125
trumpsters united,american.veterans,0.5294117647058824
southern.rebel.pride,black baptist church,0.23333333333333334
southern.rebel.pride,being patriotic,0.37254901960784315
nefertiti's community,black guns matter,0.8043478260869565
nefertiti's community,watch the police,0.7142857142857143
nefertiti's community,woke blacks,0.5886075949367089
nefertiti's community,blacktivist,0.5282258064516129
nefertiti's community,justice for ezell ford and donnell thompson,0.0
nefertiti's community,bm,0.5282258064516129
nefertiti's community,black4black,0.6555555555555556
nefertiti's community,fit black,0.7916666666666667
nefertiti's community,pan-african roots move,0.6129032258064516
nefertiti's community,cop block us,0.42857142857142855
nefertiti's community,williams&kalvin,0.5397727272727273
nefertiti's community,black matters,0.71875
nefertiti's community,brown power,0.7121212121212122
nefertiti's community,black baptist church,0.8976190476190476
nefertiti's community,blacks go viral,0.5357142857142857
nefertiti's community,afrokingdom,0.6071428571428571
nefertiti's community,baltimore.blackvoice,0.25
nefertiti's community,instagnan,0.0
nefertiti's community,black excellence,0.8043478260869565
nefertiti's community,born black,0.5952380952380952
nefertiti's community,blackstagram,0.6428571428571428
black4black,black guns matter,0.7555555555555555
black4black,watch the police,0.5666666666666667
black4black,woke blacks,0.7848101265822784
black4black,blacktivist,0.5907258064516129
black4black,justice for ezell ford and donnell thompson,0.0
black4black,bm,0.5907258064516129
black4black,fit black,0.7666666666666666
black4black,pan-african roots move,0.8629032258064516
black4black,cop block us,0.33015873015873015
black4black,williams&kalvin,0.6278409090909091
black4black,black matters,0.8555555555555556
black4black,afrokingdom,0.5333333333333333
black4black,black baptist church,0.5777777777777777
black4black,blacks go viral,0.5111111111111111
black4black,brown power,0.5252525252525253
black4black,baltimore.blackvoice,0.25
black4black,instagnan,0.0
black4black,black excellence,0.7555555555555555
black4black,born black,0.4722222222222222
black4black,blackstagram,0.4952380952380952
liberty_rising,bm,0.0
liberty_rising,being patriotic,0.0
liberty_rising,gov spending,0.0
liberty_rising,memopolis,0.75
liberty_rising,cop block us,0.0
american.made,angry eagle,0.6
american.made,rebeltexas,0.55
american.made,instagnan,0.7
american.made,southern.rebel.pride,0.5333333333333333
american.made,american.veterans,0.7941176470588236
american.made,black baptist church,0.0
american.made,bm,0.0
american.made,heart of texas,0.5980392156862745
american.made,secured borders,0.325
american.made,donald trump america,0.25
american.made,cop block us,0.0
american.made,south united,0.8571428571428572
american.made,gov spending,0.0
american.made,veterans come first,0.8125
american.made,mericanfury,0.65
american.made,being patriotic,0.5980392156862745
american.made,army of jesus,0.8846153846153846
american.made,stop a.l.,0.73125
american.made,muslim voice,0.15000000000000002
donald trump america,angry eagle,0.25
donald trump america,rebeltexas,0.25
donald trump america,instagnan,0.25
donald trump america,southern.rebel.pride,0.25
donald trump america,american.veterans,0.25
donald trump america,black baptist church,0.25
donald trump america,bm,0.25
donald trump america,heart of texas,0.25
donald trump america,secured borders,0.25
donald trump america,south united,0.25
donald trump america,cop block us,0.25
donald trump america,gov spending,0.25
donald trump america,veterans come first,0.25
donald trump america,mericanfury,0.25
donald trump america,being patriotic,0.25
donald trump america,army of jesus,0.25
donald trump america,stop a.l.,0.25
donald trump america,muslim voice,0.25
fit black,black guns matter,0.9791666666666667
fit black,watch the police,0.625
fit black,woke blacks,0.6518987341772152
fit black,blacktivist,0.5483870967741935
fit black,bm,0.5483870967741935
fit black,instagnan,0.0
fit black,pan-african roots move,0.6935483870967742
fit black,cop block us,0.369047619047619
fit black,williams&kalvin,0.5681818181818181
fit black,black matters,0.875
fit black,afrokingdom,0.5625
fit black,black baptist church,0.7041666666666666
fit black,blacks go viral,0.5208333333333334
fit black,brown power,0.7196969696969697
fit black,baltimore.blackvoice,0.25
fit black,black excellence,0.9791666666666667
fit black,born black,0.5208333333333334
fit black,blackstagram,0.5535714285714286
cop block us,rebeltexas,0.0
cop block us,black baptist church,0.6285714285714286
cop block us,black matters,0.3482142857142857
cop block us,brown power,0.4329004329004329
cop block us,memopolis,0.0
cop block us,blacks go viral,0.5714285714285714
cop block us,pray4police,0.3214285714285714
cop block us,baltimore.blackvoice,0.25
cop block us,muslim voice,0.0
cop block us,black excellence,0.37267080745341613
cop block us,stop a.l.,0.0
cop block us,blackstagram,0.7142857142857143
cop block us,angry eagle,0.0
cop block us,watch the police,0.6190476190476191
cop block us,musliminst,0.25
cop block us,born liberal,0.0
cop block us,bm,0.5141129032258065
cop block us,heart of texas,0.08123249299719887
cop block us,south united,0.0
cop block us,pan-african roots move,0.3179723502304147
cop block us,williams&kalvin,0.4456168831168831
cop block us,gov spending,0.23809523809523808
cop block us,mericanfury,0.0
cop block us,army of jesus,0.0
cop block us,born black,0.7738095238095238
cop block us,american.veterans,0.10084033613445378
cop block us,black guns matter,0.37267080745341613
cop block us,united muslims of america,0.0
cop block us,instagnan,0.19642857142857142
cop block us,patriot's heart,0.25
cop block us,blacktivist,0.36722350230414746
cop block us,secured borders,0.0
cop block us,l for life,0.25
cop block us,afrokingdom,0.7142857142857143
cop block us,veterans come first,0.0
cop block us,southern.rebel.pride,0.15476190476190477
cop block us,being patriotic,0.0
cop block us,woke blacks,0.3887884267631103
cop block us,bernie sanders for president,0.25
black matters,black guns matter,0.859375
black matters,watch the police,0.59375
black matters,blacktivist,0.564516129032258
black matters,bm,0.564516129032258
black matters,instagnan,0.0
black matters,pan-african roots move,0.7580645161290323
black matters,woke blacks,0.7025316455696202
black matters,williams&kalvin,0.5909090909090909
black matters,blackstagram,0.5223214285714286
black matters,afrokingdom,0.546875
black matters,black baptist church,0.6364583333333333
black matters,blacks go viral,0.515625
black matters,brown power,0.615530303030303
black matters,baltimore.blackvoice,0.25
black matters,black excellence,0.859375
black matters,born black,0.4947916666666667
sincerely_black,brown power,0.25
brown power,black guns matter,0.7378129117259552
brown power,united muslims of america,0.0
brown power,watch the police,0.5909090909090909
brown power,musliminst,0.25
brown power,blacktivist,0.5665322580645161
brown power,pray4police,0.0
brown power,bm,0.5665322580645161
brown power,instagnan,0.0
brown power,pan-african roots move,0.4643206256109482
brown power,woke blacks,0.47257383966244726
brown power,williams&kalvin,0.59375
brown power,bernie sanders for president,0.25
brown power,afrokingdom,0.5454545454545454
brown power,black baptist church,0.6303030303030304
brown power,born liberal,0.4426877470355731
brown power,blacks go viral,0.5151515151515151
brown power,blackstagram,0.6060606060606061
brown power,baltimore.blackvoice,0.25
brown power,black excellence,0.7378129117259552
brown power,born black,0.5909090909090909
brown power,american.veterans,0.0
blacks go viral,black guns matter,0.5217391304347826
blacks go viral,instagnan,0.0
blacks go viral,blacktivist,0.5020161290322581
blacks go viral,pan-african roots move,0.5080645161290323
blacks go viral,williams&kalvin,0.5028409090909091
blacks go viral,blackstagram,0.5714285714285714
blacks go viral,black baptist church,0.5333333333333333
blacks go viral,woke blacks,0.5063291139240507
blacks go viral,born black,0.5833333333333334
pray4police,united muslims of america,0.0
pray4police,musliminst,0.25
pray4police,patriot's heart,0.25
pray4police,american.veterans,0.0
pray4police,back the badge,0.75
pray4police,born liberal,0.0
pray4police,heart of texas,0.0
pray4police,williams&kalvin,0.2528409090909091
pray4police,bernie sanders for president,0.25
pray4police,l for life,0.25
pray4police,gov spending,0.0
pray4police,black baptist church,0.0
pray4police,southern.rebel.pride,0.0
pray4police,blackstagram,0.0
pray4police,woke blacks,0.0
pray4police,born black,0.0
pray4police,blacktivist,0.0
baltimore.blackvoice,black guns matter,0.25
baltimore.blackvoice,watch the police,0.25
baltimore.blackvoice,blacktivist,0.25
baltimore.blackvoice,blacks go viral,0.25
baltimore.blackvoice,instagnan,0.25
baltimore.blackvoice,pan-african roots move,0.25
baltimore.blackvoice,woke blacks,0.25
baltimore.blackvoice,williams&kalvin,0.25
baltimore.blackvoice,blackstagram,0.25
baltimore.blackvoice,black baptist church,0.25
baltimore.blackvoice,black excellence,0.25
baltimore.blackvoice,born black,0.25
black excellence,black guns matter,1.0
black excellence,watch the police,0.6304347826086957
black excellence,blacktivist,0.5463709677419355
black excellence,blacks go viral,0.5217391304347826
black excellence,instagnan,0.0
black excellence,pan-african roots move,0.685483870967742
black excellence,williams&kalvin,0.5653409090909091
black excellence,blackstagram,0.5590062111801242
black excellence,black baptist church,0.7159420289855072
black excellence,woke blacks,0.6455696202531646
black excellence,born black,0.5253623188405797
stop a.l.,angry eagle,0.5625
stop a.l.,rebeltexas,0.53125
stop a.l.,instagnan,0.625
stop a.l.,southern.rebel.pride,0.4583333333333333
stop a.l.,american.veterans,0.5459558823529411
stop a.l.,black baptist church,0.0
stop a.l.,heart of texas,0.3694852941176471
stop a.l.,secured borders,1.0
stop a.l.,south united,0.6026785714285714
stop a.l.,gov spending,0.0
stop a.l.,veterans come first,0.5625
stop a.l.,mericanfury,0.59375
stop a.l.,being patriotic,0.3694852941176471
stop a.l.,army of jesus,0.6274038461538461
stop a.l.,muslim voice,0.13125
blackstagram,woke blacks,0.5443037974683544
blackstagram,bernie sanders for president,0.25
blackstagram,black baptist church,0.6285714285714286
angry eagle,rebeltexas,0.75
angry eagle,instagnan,0.75
angry eagle,southern.rebel.pride,0.6666666666666666
angry eagle,black baptist church,0.0
angry eagle,heart of texas,0.5196078431372549
angry eagle,secured borders,0.5625
angry eagle,south united,0.5714285714285714
angry eagle,gov spending,0.0
angry eagle,veterans come first,0.5625
angry eagle,mericanfury,0.8333333333333333
angry eagle,being patriotic,0.5196078431372549
angry eagle,army of jesus,0.5769230769230769
angry eagle,muslim voice,0.35
watch the police,black guns matter,0.6304347826086957
watch the police,instagnan,0.0
watch the police,blacktivist,0.5120967741935484
watch the police,blacks go viral,0.5833333333333334
watch the police,pan-african roots move,0.5483870967741935
watch the police,williams&kalvin,0.5170454545454546
watch the police,blackstagram,0.9285714285714286
watch the police,black baptist church,0.7
watch the police,woke blacks,0.5379746835443038
watch the police,born black,0.8333333333333334
musliminst,united muslims of america,0.25
musliminst,blacktivist,0.25
musliminst,williams&kalvin,0.25
musliminst,blackstagram,0.25
musliminst,bernie sanders for president,0.5
musliminst,born liberal,0.25
musliminst,woke blacks,0.25
musliminst,born black,0.25
the red pill,rebeltexas,0.625
the red pill,black baptist church,0.0
the red pill,liberty_rising,0.75
the red pill,american.made,0.525
the red pill,donald trump america,0.25
the red pill,cop block us,0.19642857142857142
the red pill,memopolis,1.0
the red pill,stop a.l.,0.46875
the red pill,angry eagle,0.75
the red pill,bm,0.0
the red pill,heart of texas,0.40441176470588236
the red pill,south united,0.48214285714285715
the red pill,gov spending,0.0
the red pill,mericanfury,0.875
the red pill,army of jesus,0.4903846153846154
the red pill,muslim voice,0.225
the red pill,instagnan,0.75
the red pill,american.veterans,0.4632352941176471
the red pill,secured borders,0.46875
the red pill,veterans come first,0.46875
the red pill,southern.rebel.pride,0.625
the red pill,being patriotic,0.40441176470588236
blacktivist,blackstagram,0.5141129032258065
blacktivist,woke blacks,0.6592741935483871
blacktivist,bernie sanders for president,0.25
blacktivist,black baptist church,0.45954301075268816
bm,rebeltexas,0.0
bm,black baptist church,0.530241935483871
bm,pray4police,0.25201612903225806
bm,baltimore.blackvoice,0.25
bm,muslim voice,0.0
bm,black excellence,0.5463709677419355
bm,stop a.l.,0.0
bm,angry eagle,0.0
bm,watch the police,0.5120967741935484
bm,musliminst,0.25
bm,born liberal,0.38008415147265073
bm,blacks go viral,0.5020161290322581
bm,heart of texas,0.011820050600885515
bm,south united,0.0
bm,pan-african roots move,0.625
bm,williams&kalvin,0.8208394428152492
bm,gov spending,0.5060483870967742
bm,mericanfury,0.0
bm,army of jesus,0.0
bm,born black,0.5120967741935484
bm,american.veterans,0.031427893738140415
bm,black guns matter,0.5463709677419355
bm,united muslims of america,0.0
bm,instagnan,0.12701612903225806
bm,patriot's heart,0.25
bm,blacktivist,1.0
bm,secured borders,0.0
bm,l for life,0.25
bm,blackstagram,0.5141129032258065
bm,veterans come first,0.0
bm,southern.rebel.pride,0.08534946236559139
bm,being patriotic,0.011820050600885515
bm,woke blacks,0.6592741935483871
bm,bernie sanders for president,0.25
heart of texas,rebeltexas,0.5098039215686274
heart of texas,instagnan,0.5392156862745098
heart of texas,patriot's heart,0.25
heart of texas,mericanfury,0.5294117647058824
heart of texas,secured borders,0.1642156862745098
heart of texas,south united,0.6372549019607843
heart of texas,veterans come first,0.6568627450980392
heart of texas,williams&kalvin,0.0
heart of texas,l for life,0.25
heart of texas,gov spending,0.1764705882352941
heart of texas,black baptist church,0.043137254901960784
heart of texas,southern.rebel.pride,0.46568627450980393
heart of texas,being patriotic,1.0
heart of texas,army of jesus,0.6274509803921569
heart of texas,muslim voice,0.10980392156862745
south united,rebeltexas,0.5357142857142857
south united,instagnan,0.6428571428571428
south united,southern.rebel.pride,0.47619047619047616
south united,black baptist church,0.0
south united,secured borders,0.26785714285714285
south united,gov spending,0.0
south united,veterans come first,0.9375
south united,mericanfury,0.6071428571428571
south united,being patriotic,0.6372549019607843
south united,army of jesus,0.9642857142857143
south united,muslim voice,0.13571428571428573
pan-african roots move,black guns matter,0.685483870967742
pan-african roots move,instagnan,0.0
pan-african roots move,blacktivist,0.625
pan-african roots move,williams&kalvin,0.6761363636363636
pan-african roots move,blackstagram,0.4769585253456221
pan-african roots move,black baptist church,0.5381720430107527
pan-african roots move,woke blacks,0.8924050632911392
pan-african roots move,born black,0.456989247311828
williams&kalvin,black guns matter,0.5653409090909091
williams&kalvin,united muslims of america,0.0
williams&kalvin,instagnan,0.0
williams&kalvin,patriot's heart,0.25
williams&kalvin,blacktivist,0.8548387096774194
williams&kalvin,bernie sanders for president,0.25
williams&kalvin,l for life,0.25
williams&kalvin,blackstagram,0.5198863636363636
williams&kalvin,black baptist church,0.506439393939394
williams&kalvin,southern.rebel.pride,0.0
williams&kalvin,gov spending,0.0
williams&kalvin,woke blacks,0.7244318181818181
williams&kalvin,born black,0.5170454545454546
gov spending,rebeltexas,0.0
gov spending,instagnan,0.0
gov spending,patriot's heart,0.25
gov spending,mericanfury,0.0
gov spending,secured borders,0.0
gov spending,veterans come first,0.0
gov spending,l for life,0.25
gov spending,black baptist church,0.19999999999999998
gov spending,southern.rebel.pride,0.25
gov spending,being patriotic,0.1764705882352941
gov spending,army of jesus,0.0
gov spending,muslim voice,0.0
mericanfury,rebeltexas,0.6666666666666666
mericanfury,instagnan,0.875
mericanfury,black baptist church,0.0
mericanfury,secured borders,0.59375
mericanfury,veterans come first,0.59375
mericanfury,southern.rebel.pride,0.75
mericanfury,being patriotic,0.5294117647058824
mericanfury,army of jesus,0.6153846153846154
mericanfury,muslim voice,0.26666666666666666
army of jesus,rebeltexas,0.5384615384615384
army of jesus,instagnan,0.6538461538461539
army of jesus,black baptist church,0.0
army of jesus,secured borders,0.27884615384615385
army of jesus,veterans come first,0.90625
army of jesus,southern.rebel.pride,0.48717948717948717
army of jesus,being patriotic,0.6274509803921569
army of jesus,muslim voice,0.13846153846153847
born black,black guns matter,0.5253623188405797
born black,united muslims of america,0.0
born black,instagnan,0.0
born black,blacktivist,0.5120967741935484
born black,blackstagram,0.9285714285714286
born black,black baptist church,0.5833333333333334
born black,woke blacks,0.5379746835443038
born black,bernie sanders for president,0.25
muslim voice,rebeltexas,0.6
muslim voice,instagnan,0.675
muslim voice,united muslims of america,1.0
muslim voice,secured borders,0.13125
muslim voice,veterans come first,0.13125
muslim voice,southern.rebel.pride,0.18333333333333335
muslim voice,being patriotic,0.10980392156862745
muslim voice,black baptist church,0.0
black guns matter,instagnan,0.0
black guns matter,blacktivist,0.5463709677419355
black guns matter,blackstagram,0.5590062111801242
black guns matter,black baptist church,0.7159420289855072
black guns matter,southern.rebel.pride,0.10507246376811594
black guns matter,woke blacks,0.6455696202531646
united muslims of america,instagnan,0.225
united muslims of america,blackstagram,0.0
united muslims of america,blacktivist,0.0
united muslims of america,bernie sanders for president,0.25
united muslims of america,woke blacks,0.0
instagnan,rebeltexas,0.625
instagnan,blacktivist,0.0
instagnan,secured borders,0.625
instagnan,blackstagram,0.0
instagnan,black baptist church,0.15833333333333333
instagnan,southern.rebel.pride,0.8333333333333333
instagnan,being patriotic,0.5392156862745098
instagnan,woke blacks,0.0
instagnan,veterans come first,0.625
patriot's heart,l for life,0.5
patriot's heart,black baptist church,0.25
patriot's heart,southern.rebel.pride,0.25
american.veterans,rebeltexas,0.5294117647058824
american.veterans,black baptist church,0.0
american.veterans,angry eagle,0.5588235294117647
american.veterans,musliminst,0.25
american.veterans,born liberal,0.0
american.veterans,heart of texas,0.6666666666666666
american.veterans,south united,0.9117647058823529
american.veterans,williams&kalvin,0.0
american.veterans,gov spending,0.0
american.veterans,mericanfury,0.5882352941176471
american.veterans,army of jesus,0.8823529411764706
american.veterans,born black,0.0
american.veterans,muslim voice,0.12941176470588237
american.veterans,united muslims of america,0.0
american.veterans,instagnan,0.6176470588235294
american.veterans,blacktivist,0.0
american.veterans,secured borders,0.2426470588235294
american.veterans,blackstagram,0.0
american.veterans,veterans come first,0.9705882352941176
american.veterans,southern.rebel.pride,0.4509803921568627
american.veterans,being patriotic,0.6666666666666666
american.veterans,woke blacks,0.0
american.veterans,bernie sanders for president,0.25
secured borders,black baptist church,0.0
secured borders,rebeltexas,0.53125
secured borders,veterans come first,0.25
secured borders,southern.rebel.pride,0.4583333333333333
secured borders,being patriotic,0.1642156862745098
rebeltexas,black baptist church,0.0
rebeltexas,veterans come first,0.53125
rebeltexas,southern.rebel.pride,0.5833333333333334
rebeltexas,being patriotic,0.5098039215686274
l for life,black baptist church,0.25
l for life,southern.rebel.pride,0.25
afrokingdom,black guns matter,0.5652173913043478
afrokingdom,watch the police,0.75
afrokingdom,blacktivist,0.5060483870967742
afrokingdom,bm,0.5060483870967742
afrokingdom,instagnan,0.0
afrokingdom,pan-african roots move,0.5241935483870968
afrokingdom,woke blacks,0.5189873417721519
afrokingdom,williams&kalvin,0.5085227272727273
afrokingdom,blackstagram,0.7142857142857143
afrokingdom,black baptist church,0.6
afrokingdom,blacks go viral,0.6666666666666666
afrokingdom,baltimore.blackvoice,0.25
afrokingdom,black excellence,0.5652173913043478
afrokingdom,born black,0.75
veterans come first,black baptist church,0.0
veterans come first,southern.rebel.pride,0.4583333333333333
veterans come first,being patriotic,0.6568627450980392
born liberal,united muslims of america,0.0
born liberal,blacktivist,0.5463709677419355
born liberal,williams&kalvin,0.5653409090909091
born liberal,blackstagram,0.0
born liberal,bernie sanders for president,0.25
born liberal,woke blacks,0.02806824435883324
born liberal,born black,0.0
being patriotic,black baptist church,0.0
woke blacks,black baptist church,0.5156118143459916
woke blacks,bernie sanders for president,0.25
